{
  "class_name": "HistoricalPricePolicy",
  "parameters": {},
  "mean_profit": -1.3070034843205571,
  "std_profit": 1.0200861188563095,
  "num_runs": 1,
  "score": -1.185284810126582,
  "trials": [
    {
      "profits": [
        0,
        -0.02,
        -0.04,
        -0.06,
        -0.08,
        -0.1,
        -0.12000000000000001,
        -0.14,
        -0.16,
        -0.18,
        -0.19999999999999998,
        -0.21999999999999997,
        -0.23999999999999996,
        -0.25999999999999995,
        -0.27999999999999997,
        -0.3,
        -0.32,
        -0.32,
        -0.32,
        -0.32,
        -0.32,
        -0.32,
        -0.32,
        -0.32,
        -0.32,
        -0.32,
        -0.32,
        -0.32,
        -0.32,
        -0.32,
        -0.32,
        -0.32,
        -0.32,
        -0.32,
        -0.32,
        -0.32,
        -0.32,
        -0.32,
        -0.32,
        -0.32,
        -0.32,
        -0.32,
        -0.32,
        -0.32,
        -0.32,
        -0.32,
        -0.32,
        -0.32,
        -0.32,
        -0.32,
        -0.32,
        -0.32,
        -0.32,
        -0.32,
        -0.32,
        -0.32,
        -0.32,
        -0.32,
        -0.32,
        -0.32,
        -0.32,
        -0.32,
        -0.32,
        -0.32,
        -0.32,
        -0.32,
        -0.32,
        -0.32,
        -0.32,
        -0.32,
        -0.32,
        -0.32,
        -0.32,
        -0.32,
        -0.32,
        -0.32,
        -0.32,
        -0.32,
        -0.32,
        -0.32,
        -0.32,
        -0.32,
        -0.32,
        -0.32,
        -0.32,
        -0.32,
        -0.32,
        -0.32,
        -0.32,
        -0.32,
        -0.32,
        -0.32,
        -0.32,
        -0.32,
        -0.32,
        -0.32,
        -0.32,
        -0.32,
        -0.32,
        -0.32,
        -0.32,
        -0.32,
        -0.32,
        -0.32,
        -0.32,
        -0.54,
        -0.7000000000000001,
        -0.68,
        -0.68,
        -0.68,
        -0.8200000000000001,
        -0.9700000000000001,
        -1.02,
        -1.01,
        -0.99,
        -1.08,
        -1.08,
        -1.08,
        -1.08,
        -1.08,
        -1.08,
        -1.08,
        -1.08,
        -1.08,
        -1.08,
        -1.08,
        -1.08,
        -1.08,
        -1.08,
        -1.08,
        -1.08,
        -1.08,
        -1.08,
        -1.08,
        -1.08,
        -1.08,
        -1.08,
        -1.08,
        -1.08,
        -1.08,
        -1.08,
        -1.08,
        -1.08,
        -1.08,
        -1.08,
        -1.08,
        -1.08,
        -1.08,
        -1.08,
        -1.08,
        -1.08,
        -1.08,
        -1.08,
        -1.08,
        -1.08,
        -1.11,
        -1.1,
        -1.1300000000000001,
        -1.12,
        -1.1500000000000001,
        -1.1400000000000001,
        -1.1400000000000001,
        -1.1400000000000001,
        -1.1400000000000001,
        -1.1400000000000001,
        -1.1400000000000001,
        -1.1400000000000001,
        -1.1400000000000001,
        -1.1400000000000001,
        -1.1400000000000001,
        -1.1400000000000001,
        -1.1400000000000001,
        -1.1400000000000001,
        -1.1400000000000001,
        -1.1400000000000001,
        -1.1400000000000001,
        -1.1400000000000001,
        -1.1400000000000001,
        -1.1400000000000001,
        -1.1400000000000001,
        -1.1400000000000001,
        -1.1400000000000001,
        -1.1400000000000001,
        -1.1400000000000001,
        -1.1600000000000001,
        -1.1900000000000002,
        -1.2200000000000002,
        -1.2500000000000002,
        -1.2800000000000002,
        -1.3100000000000003,
        -1.3400000000000003,
        -1.3700000000000003,
        -1.4000000000000004,
        -1.4300000000000004,
        -1.4600000000000004,
        -1.4900000000000004,
        -1.5200000000000005,
        -1.5600000000000005,
        -1.6000000000000005,
        -1.6500000000000006,
        -1.7000000000000006,
        -1.7500000000000007,
        -1.8100000000000007,
        -1.8800000000000008,
        -1.9800000000000009,
        -2.0300000000000007,
        -2.0800000000000005,
        -2.1400000000000006,
        -2.2100000000000004,
        -2.2800000000000002,
        -2.35,
        -2.4,
        -2.4499999999999997,
        -2.5199999999999996,
        -2.5899999999999994,
        -2.6599999999999993,
        -2.7599999999999993,
        -2.809999999999999,
        -2.859999999999999,
        -2.859999999999999,
        -2.859999999999999,
        -2.859999999999999,
        -2.859999999999999,
        -2.859999999999999,
        -2.859999999999999,
        -2.859999999999999,
        -2.859999999999999,
        -2.859999999999999,
        -2.859999999999999,
        -2.859999999999999,
        -2.859999999999999,
        -2.859999999999999,
        -2.859999999999999,
        -2.859999999999999,
        -2.859999999999999,
        -2.859999999999999,
        -2.859999999999999,
        -2.859999999999999,
        -2.859999999999999,
        -2.859999999999999,
        -2.859999999999999,
        -2.859999999999999,
        -2.859999999999999,
        -2.859999999999999,
        -2.859999999999999,
        -2.859999999999999,
        -2.859999999999999,
        -2.859999999999999,
        -2.859999999999999,
        -2.859999999999999,
        -2.859999999999999,
        -2.859999999999999,
        -2.859999999999999,
        -2.859999999999999,
        -2.859999999999999,
        -2.859999999999999,
        -2.859999999999999,
        -2.859999999999999,
        -2.859999999999999,
        -2.859999999999999,
        -2.859999999999999,
        -2.859999999999999,
        -2.859999999999999,
        -2.859999999999999,
        -2.859999999999999,
        -2.859999999999999,
        -2.859999999999999,
        -2.859999999999999,
        -2.859999999999999,
        -2.859999999999999,
        -2.859999999999999,
        -2.859999999999999,
        -2.859999999999999,
        -2.859999999999999,
        -2.859999999999999,
        -2.859999999999999,
        -2.859999999999999,
        -2.859999999999999,
        -2.859999999999999,
        -2.859999999999999,
        -2.859999999999999,
        -2.859999999999999,
        -2.859999999999999,
        -2.859999999999999,
        -2.859999999999999,
        -2.859999999999999,
        -2.859999999999999
      ],